Run,Generation,Individual Index,Fitness,Amplitude,Phase,Offset
1,0,0,0.0,"[0.12476447102364185, 0.07725643480306904, 0.39369827678042285, 0.04753284441203692, 0.4958917520808375, 0.09940029926275312, 0.31022034064475573, 0.30142066938260526, 0.028278738646565382, 0.2853835721602391, 0.05959076951740938, 0.3782164032812698, 0.14274482648154535, 0.2835758686828848, 0.09157111806175094, 0.27749784494811347, 0.49056341055043057, 0.4723721234964782]","[3.7460211825196383, 2.251846136891427, 3.7851519224227834, 2.91328622176252, 0.597873026664313, 2.8890798401300017, 2.9809800276274507, 1.7934104214652928, 3.923341213749709, 4.525802466990896, 2.6164562622896055, 3.7908771518626385, 0.3986646700501609, 4.026899634139495, 2.5118475655030816, 5.570613593897513, 5.767178611849958, 2.229392155624345]","[-0.4585118760817781, 0.2654037162976879, 0.49512595555062155, 0.005287990630074901, -0.12600479062807346, 0.2965853334659573, 0.047061050377405156, -0.36954874934035753, -0.23052436283697975, 0.3060321274808283, 0.3556028927007, -0.06603150425375004, -0.34621830772085826, -0.3043163033081554, 0.4893600574585748, 0.25033120391511154, 0.2101198651277829, -0.3740513699312764]"
1,0,1,0.0,"[0.0794235629696109, 0.18547105756347237, 0.059330717555114876, 0.37012002461235594, 0.4945317298264168, 0.3451455622686343, 0.003707757757752228, 0.3617548545535275, 0.011107974813777566, 0.3212774881183522, 0.24690288854000475, 0.12266206438753102, 0.18561555919052014, 0.05016347478998767, 0.2792891101315269, 0.23471360946673764, 0.0922282394178367, 0.33534507248769474]","[2.6588741503021676, 0.043092390026261015, 2.0839536020820932, 4.091240116187959, 5.792490004419828, 1.6408130023835374, 5.96793528225375, 1.5013245589049096, 3.217926594295296, 1.393746352540323, 4.735764240619874, 0.33358967545165447, 1.3278134933432597, 3.1328475869607355, 3.3352569909967213, 1.8258167322128331, 0.4774970902270643, 1.727695801698844]","[-0.20261622295771986, -0.09119982117050895, -0.3146410694560321, -0.3022048313213639, -0.2519737735306994, -0.08370904023266346, 0.410803031378295, 0.37784781927541855, -0.29172880576054994, -0.4772773146800062, -0.45720775313454454, -0.15937785264079984, 0.00018241093859194812, -0.353363150584065, -0.004923180198659116, -0.2763451748930553, -0.17922810274691303, 0.010364576782005086]"
1,0,2,0.0,"[0.2925057200032753, 0.0013156650209772969, 0.020954735497492605, 0.04936000864350654, 0.3327952071554988, 0.3464956122748138, 0.04155043817411663, 0.31020643353161437, 0.07926343554108528, 0.3264094182328597, 0.4065085497996668, 0.049272878785648566, 0.20238300938427545, 0.12293821597388727, 0.09303918600661598, 0.48265467357656267, 0.3324384465074607, 0.22030909625034095]","[4.275433502532964, 3.115682226008717, 3.8483358836106323, 2.3484995481922586, 1.6067341435393336, 6.037651282647066, 0.9016423468259575, 5.279915538489732, 2.7211965767618715, 0.8081747639364867, 1.0875234942842371, 1.3130928982908816, 5.638231938074485, 4.719268027576851, 5.386083563337974, 0.7633045838486185, 3.565320152370522, 5.979340535445443]","[0.30010988025362495, 0.1483030995863479, 0.11149265840554301, 0.41236021593535144, 0.3024744857806362, 0.12445237754249183, 0.2793670331272925, 0.4117003117013682, -0.4745497787044738, 0.30858481808975524, -0.316813764217574, -0.4906327671699603, -0.027172216691494055, -0.3470891913654245, 0.43247512859949266, 0.4036775322132605, -0.36050701704611976, -0.22134648594367112]"
1,0,3,0.0,"[0.3399333410462844, 0.09350179675748099, 0.3428809551701451, 0.3860691764922094, 0.22898665264670875, 0.38149706514614823, 0.21832537979486938, 0.10714163547346761, 0.06112649875162568, 0.48954157895829187, 0.3849449955233795, 0.005793253708915813, 0.202352849513875, 0.28797331729557, 0.1455566301268731, 0.035268398691754965, 0.2972799319974601, 0.48095011256906334]","[0.39296578164961515, 0.7151459673616016, 5.027578115953735, 1.0723253007892761, 3.407520016460813, 0.14423794961307315, 5.4738711691780315, 0.7238707444636281, 2.8967204308446157, 1.190637887620134, 1.3870900038996181, 1.383637322615635, 2.596001841638194, 5.015430593261116, 5.724599642410213, 1.9753185208908581, 3.6722759186910237, 5.368616892571572]","[-0.18528510909628992, 0.20510947076436148, -0.2853672083009299, 0.2734505169671254, 0.48115963562970776, 0.0902853885416135, 0.016862883678691487, -0.46979265462084163, -0.3659137035458103, -0.44992037767314064, -0.17400387603054535, 0.3368465480026581, -0.08691868427517435, -0.12042258448508447, 0.44851329392778205, 0.2848316551344373, 0.42444635201862424, 0.4685943067948123]"
1,0,4,0.0,"[0.048481955831313206, 0.20112905082606913, 0.09919735004619595, 0.3961211017988011, 0.40681788230774385, 0.1102693995350218, 0.12170690473657747, 0.2004402010501496, 0.07537539293267242, 0.32460770691419216, 0.4257026429201149, 0.009610871779487551, 0.14819355816741747, 0.00987710024335331, 0.038310249620857106, 0.462433128937834, 0.3452491280891018, 0.09592497890533985]","[0.8271588805472322, 0.4298657735117692, 0.9801094045130039, 0.10220635083233347, 5.663804787853565, 2.9845554380570425, 2.2896862886577405, 3.0805635023926756, 4.702136299336953, 0.3878808537333521, 0.2123004996263265, 4.433806414321562, 4.666123408695784, 5.737294105462469, 3.2274967540373622, 3.655906518216647, 3.47705131971681, 5.737930898508025]","[-0.1418025309014168, -0.29538450713053455, -0.16472110634651504, -0.044308849669753014, -0.18490197492925609, -0.1325889474262656, -0.144698102576427, 0.11293323674711564, 0.3541760617205181, -0.4246065713700453, -0.2649757911878061, 0.09860694499273615, -0.029410760367000632, -0.21169916764702545, -0.4719214815434407, 0.4350384541490683, -0.04331522620295458, 0.06920500780649019]"
1,0,5,0.0,"[0.1356170557430338, 0.3352030309923558, 0.3706242696502677, 0.46597567502185805, 0.06673018667987735, 0.2974663061648789, 0.34080744559018505, 0.11298356757917366, 0.2520238456077422, 0.4970457740859458, 0.44241651105970453, 0.037168846356511576, 0.21123883535557803, 0.29779592342231426, 0.3838163095462417, 0.438083415877367, 0.3358161694774728, 0.4239068057317092]","[4.262719237491025, 4.078549317640667, 4.7864263298953045, 4.04535664892496, 5.530982067824746, 0.3509017142244751, 2.39525385488091, 5.801010129574538, 4.439930099447666, 2.1725716447808434, 1.4792308404075745, 3.3379339878818945, 5.52734711851421, 3.184154672347982, 2.877557158824832, 1.8895615288122485, 2.967696680226874, 5.90480097497434]","[0.24974078948346512, 0.3852730809287894, 0.006915781798261689, 0.22460804676439905, 0.4685531954872326, 0.491188288139378, -0.1364052058903481, -0.22103271799920954, 0.15637166706455308, 0.008583713599271459, 0.15827271602343518, 0.406071808181919, 0.46423524632143465, 0.023525758599924784, -0.17654403675322639, 0.11874108622357149, 0.002766584123066518, -0.25893224511834523]"
1,0,6,0.0,"[0.2135477341270221, 0.3799882914046084, 0.01169326776163876, 0.14220442475437606, 0.4818970933431667, 0.0075217453378332855, 0.08687899357006701, 0.19756291250546382, 0.4589112824400546, 0.03007037151164693, 0.24211743046155143, 0.22995281532699097, 0.06449752500154016, 0.38240838155685014, 0.23037594150358953, 0.3321772037927468, 0.27237375876810455, 0.008476801877203177]","[0.13091501808962935, 1.7421604149668213, 1.6362324372599104, 1.5019046698574803, 1.7709018650757553, 2.578550468035404, 4.060127036428959, 0.04925572951364679, 5.803472704746973, 2.7791427293913316, 4.657677138467867, 4.525169328272098, 2.044240224965118, 2.683394569412917, 3.4889854954249686, 4.385279946211935, 5.8992470741419645, 3.7357858724960247]","[0.4808285587944864, 0.39207968048200714, -0.04549153780787918, -0.23460601244000645, 0.295429090746852, 0.0582055889706502, -0.28768651551608826, -0.014748883060878848, -0.310036536162012, -0.15812770794682585, -0.2991648523123426, 0.1831855705117228, 0.3939203454847132, 0.35928540814875953, 0.14079500496440522, -0.05887414777148481, -0.3208720470013683, 0.16758551454980652]"
1,0,0,0.0,"[0.054787684781954005, 0.29591550456338217, 0.37564029025461726, 0.339780189783906, 0.43450446151575195, 0.26948765317359, 0.3160574819643369, 0.22413676187598452, 0.15970770080589292, 0.02971188228269056, 0.15673983091793126, 0.4666556713154395, 0.44908281070205136, 0.06052697475565244, 0.19649270975378552, 0.37807063453209966, 0.245750753544629, 0.41713441748189617]","[6.168378576237146, 5.65382447352131, 5.642276843169494, 1.3796009826356064, 2.9321021448370814, 3.5717431734567855, 2.1057684240042196, 5.636089896192853, 3.689216349859645, 6.248989348366503, 4.961705285323027, 4.361841085064739, 1.6451027319218068, 6.231176205440218, 4.228512452180225, 1.814178127750651, 5.549690997909351, 5.4808852288539445]","[0.47573480016155323, -0.07542713442535087, -0.2802284347165144, 0.43105326300560143, -0.2820735723932012, 0.27161976335688176, 0.1175510562450165, -0.42662293192518264, 0.4451524209714506, 0.1681566360640636, 0.06324470614644917, -0.3627613923650761, 0.3035818086036891, -0.32807106514819084, -0.22620742480081957, 0.3037243580164858, -0.1028792043886867, -0.033319933270230306]"
1,0,1,0.0,"[0.21332584879499938, 0.399384472156754, 0.28608886170446685, 0.10562877445641328, 0.005314418603968696, 0.04453048192345288, 0.18567355244750355, 0.09704528794070016, 0.09236283594226286, 0.025093867873091202, 0.1980492401583157, 0.13169595626795821, 0.032776600980585935, 0.32637192334015497, 0.24580006318242803, 0.08196912120556715, 0.12096800070484953, 0.08191897658268998]","[3.1444527814962746, 1.4837752234942752, 4.691144937350535, 5.654538517806552, 4.088387399416624, 3.138402197194471, 2.9292948624941584, 3.9207898718702676, 3.379551653460943, 1.7952213121742524, 4.154868819148237, 0.01871059996852417, 5.678048465078807, 4.4886259609720724, 2.6577310595889942, 2.200613139594656, 0.6162018125516143, 4.129183419486454]","[0.14495653771486816, 0.23708264780486898, 0.4873976438842935, 0.02517405771431558, 0.1749158606762502, -0.14564940279408256, 0.12111553342302472, -0.2769826376589266, -0.031276291902302966, 0.14312641120602765, -0.3566682657800221, 0.19936914777050085, 0.23184984097371863, -0.09577976664376475, 0.3700688880837556, -0.38175240434754054, 0.2356361477748461, 0.1369874836044166]"
1,0,2,0.0,"[0.1174307286377656, 0.025918177928689834, 0.09659695315039946, 0.3076261071621965, 0.1563663883581325, 0.2821318950212256, 0.22766839875093764, 0.28175474893129837, 0.060466278856270705, 0.11492929022836312, 0.47165280347164956, 0.08476434627075352, 0.14609006440775468, 0.013637602350068834, 0.24500652067126583, 0.45714275279156974, 0.33600424297986975, 0.34099709188403365]","[0.9459986174532485, 6.162475307405304, 3.524258610696619, 2.2532976787228676, 1.1316919360247653, 3.3834807772288706, 3.5258228019783315, 2.724443472570122, 5.241557851501355, 3.4558612184866755, 4.296751100253475, 4.652107343337931, 2.231408091704859, 5.450381263460852, 3.8113380222654367, 3.827422928418572, 0.6365129962738116, 5.7895308666733705]","[-0.2613452467804164, 0.4808798988465992, 0.42065061964842143, -0.0021626720756144913, -0.21078767449808633, 0.22581513129550235, 0.4140241030146725, 0.3456312890025144, 0.14091110643981775, 0.18495493297670973, -0.0877464850120051, 0.060407064820923506, 0.27852082323274496, -0.3412528626710243, -0.3650495560858762, -0.3078317240112305, -0.3514743827831267, -0.3559721793869478]"
1,0,3,0.0,"[0.13977367791042744, 0.12995706446456234, 0.40732584529670657, 0.10999363735274248, 0.23254282459547687, 0.08682875233425963, 0.4971543308384774, 0.344155842916365, 0.08887352469245818, 0.012781035865631452, 0.028027165817626154, 0.17111050676370254, 0.1942720172955017, 0.434361076822577, 0.2128131628016275, 0.40238083163073396, 0.006152401532104557, 0.16103871761672145]","[5.818869712432666, 4.796803990950694, 2.301833911060539, 4.782976942963357, 5.2881384471610104, 2.782233495054662, 3.4768655395386254, 4.475799381389432, 4.2393149166539015, 4.43444998199037, 1.1883144040473264, 3.911787865023333, 3.798795087697227, 2.7360530984890423, 4.430735094210213, 2.1637696700066846, 0.9511706575628728, 5.0296749032252865]","[-0.18729718208302404, 0.3105071447007359, -0.08622664631316046, -0.2877800082091153, 0.4026538922561521, -0.10501784185939878, -0.2273587212109821, -0.054606501718704736, 0.13076363987797435, 0.2527822339634811, -0.06594694815139668, -0.31635975576004716, 0.007191830466642513, -0.2067137738795004, -0.30530737652530493, -0.4745387171599903, 0.023431899241210585, -0.08455280159786505]"
1,0,4,0.0,"[0.4552884848076317, 0.09307382919628443, 0.3576685318608104, 0.28936511553838107, 0.030971519119292967, 0.2728451756348318, 0.07000164523725011, 0.17302883817328357, 0.009030057137957903, 0.20051917123614404, 0.18257899662275928, 0.15685333635486914, 0.3649741712359736, 0.1505618404404393, 0.21861900694027486, 0.07359526233263641, 0.17227666200695024, 0.23269049944448522]","[5.601572170902395, 3.789428297163197, 4.640025266204226, 2.7962309181989435, 1.3095484361112946, 6.11698396828375, 4.419873549931313, 1.8491582360867758, 5.977373838324877, 3.213734520030838, 1.2390319884370942, 3.402371294383678, 5.666901245875804, 1.9377373842767536, 4.76397377854738, 4.697786252736808, 2.5817901075390908, 5.8000966359923645]","[0.37937019060663435, 0.14035803501907518, -0.3518741197416564, 0.04531411028958965, 0.36542066237453996, 0.48660806132585877, -0.07152567827812373, 0.3673015248327929, -0.3665773021382811, -0.4647363616010115, -0.27334720759016173, 0.06977887969600982, -0.12755274281462747, 0.42338979716552805, -0.4141422117365685, 0.29870975190528604, -0.42120353092888596, 0.11588531826783677]"
1,0,5,0.0,"[0.01202453042841961, 0.15147188182478066, 0.17169305997542467, 0.217474245327188, 0.2557408193818625, 0.01621878958916545, 0.4140489363441201, 0.23245070822944736, 0.4602983237960901, 0.429643088551329, 0.32618594380504473, 0.28920663438060507, 0.21784983597876717, 0.19164954301106585, 0.0914996328266175, 0.09654847810024358, 0.3223616663466812, 0.3145541321307616]","[4.266179999049007, 5.778621241046532, 0.5848065717648719, 3.042491458265299, 2.3915626362200255, 3.6823851403309984, 3.106303273516266, 1.2991852579099419, 4.461205306605121, 5.976398694199138, 2.3776949491765857, 0.4271923219039565, 1.480905332729917, 3.373630597452393, 1.6994791295320268, 1.2302324026816662, 0.552029104895684, 2.9612417645429803]","[0.43215698404503156, -0.1961586771731516, -0.05595397648875722, -0.4402559385993219, 0.35422395902163084, 0.21288669304736108, -0.22948211498054683, 0.16201304548665207, 0.10127181711446609, -0.13483133732909802, -0.4794887623079187, -0.12945936076235842, 0.30165793559638876, 0.1400316022638468, 0.3729740441436209, 0.2798264743688297, 0.3121161530128068, 0.25874913778806063]"
1,0,6,0.0,"[0.10987693456683584, 0.03955753990755212, 0.46118864298144036, 0.1865075226149105, 0.37621997436055465, 0.3211019304562439, 0.2502860030370773, 0.3685554476954373, 0.06561833916171578, 0.40627873943464354, 0.08844777871057358, 0.366081905316594, 0.12500695544521484, 0.25054440915318493, 0.09113142684045072, 0.4951105356625958, 0.1397284347459224, 0.16756131364150445]","[1.1970523648259201, 1.967781050396263, 0.09910979366984411, 0.8448678848223611, 3.571795691438348, 3.0496172693095787, 5.412602947730683, 2.049090993063368, 1.9967794796025315, 2.4256267324864407, 2.891377265005972, 1.8948070151506715, 1.9831710966071687, 1.76311985035844, 0.8509402791069745, 3.0185076475732653, 6.257719625025593, 5.13391169911926]","[-0.279591970947094, 0.4685502023838011, -0.2648844823797972, -0.39964405191506247, 0.1967588986825235, -0.13298535951148593, 0.39798586527099544, 0.22183470624359225, 0.1760977919597969, 0.020206622752495407, -0.49702716798824265, 0.30393548240129165, -0.38861222850957666, -0.0003452142426041416, -0.21972958513979324, 0.2589273413962413, -0.13443740521401426, 0.29826953627903996]"
1,0,0,0.0,"[0.3812767613556712, 0.28058865073448636, 0.05355131311442113, 0.1938148059663553, 0.1923796345505424, 0.4256052547745599, 0.05113803261159183, 0.4455124184254321, 0.4586417346855874, 0.3772878867469763, 0.339396440683691, 0.00794954631694439, 0.10024191669504362, 0.1316974367869473, 0.2447365139658606, 0.41352504972815085, 0.37901513770247824, 0.16753305594998158]","[0.8951491613879439, 1.8395200845923996, 6.280750828618442, 3.225971188129579, 6.041891651915383, 3.1560526808991867, 2.1242817296918406, 4.525002820084748, 4.746039238035802, 5.972352204926789, 2.5269945543195216, 4.857309351147216, 2.8945515245711895, 5.7027255578714025, 4.884597660228569, 1.5530771517699231, 5.014801057085257, 0.09272429604356294]","[-0.45568682493653945, 0.47422195077995166, -0.316702444874736, 0.2464239101908725, -0.3448602191308451, -0.31592608874827177, -0.3036980348066517, -0.20719897264019205, 0.1893913413177729, -0.4358487877678259, 0.11170173267989514, -0.42264649950136857, 0.0032527335267413804, 0.22108760119129056, 0.22840398814636476, -0.4497645410301313, 0.11072933517521377, 0.2438458975264568]"
1,0,1,0.0,"[0.1913366104062253, 0.028969987692951227, 0.15074207856261762, 0.13219515925836683, 0.13971112850000206, 0.3568202470386261, 0.3150191945175726, 0.03734654842955909, 0.026584784594016808, 0.45601147115231444, 0.054005419736199434, 0.05713771553321201, 0.09898418694578354, 0.3944202868482023, 0.0073599805468451684, 0.37372180718278464, 0.4006543868117121, 0.30597015234461916]","[2.563909749558624, 3.650318090565831, 0.5499921818693766, 0.5215520839833511, 3.1172837850628317, 1.490013420796559, 4.326763498399203, 2.804125565961775, 3.804810829121985, 5.942163981241073, 5.347378774170323, 3.807322107662414, 3.238571314870147, 6.115670720640472, 1.7957856021587866, 1.6488377987022391, 0.6230593408467837, 4.458841797660963]","[0.1621311283514928, 0.2553111256119518, 0.13684209353060972, -0.36007965027337097, 0.06529542214016704, -0.26363632536634707, 0.4657607207737561, -0.23715648830269032, -0.07839460157442824, 0.4372095762016388, 0.23048219292839522, -0.37875774311726773, -0.3940977788940967, 0.02032833757442687, -0.08089642242508988, 0.18988427518622586, -0.4828420560158846, 0.22168038292924597]"
1,0,2,0.0,"[0.4294134828010105, 0.18702008910728102, 0.03249170417353725, 0.2853063590996683, 0.20408277684244341, 0.41644517533864184, 0.10529440485862673, 0.10362526064021171, 0.18531043999870633, 0.08246721324754613, 0.33013958025278695, 0.3832864793717924, 0.3460431739629851, 0.4666285461538581, 0.47818895953472274, 0.014857693044088627, 0.1699574343015527, 0.2057469622440528]","[0.5208649365818935, 6.006173081795598, 5.482704470842711, 4.351025665991768, 1.5419696315172384, 3.6649367577009553, 2.2551873662364335, 4.328597443275224, 3.149401365817515, 0.20757309207381555, 0.12910848810788902, 3.720602828304242, 2.048737861212185, 1.7810389021250852, 1.8450835552288583, 4.785423303741341, 3.177802541546445, 0.9406518814188105]","[-0.36135200845451576, 0.44996837379055543, -0.1855221314331542, 0.10888630296042945, -0.38131871254955385, -0.23012050012440455, 0.042240271419320075, -0.20043096911457048, -0.3323148784034039, 0.15252948922899712, 0.027403035801234155, 0.2662588023798077, -0.4968707100975649, -0.12488380698385437, 0.10148853593281204, 0.3636824659389849, 0.08491426665022683, 0.18593681533030693]"
1,0,3,0.0,"[0.17815646744344377, 0.20595050482246025, 0.19540192559982894, 0.05390995805157772, 0.0023684638134359726, 0.3961702880824584, 0.30274413016665447, 0.11968018659351759, 0.4015390151812296, 0.3048303893335363, 0.49873482108621914, 0.38950541454082915, 0.3758965375925324, 0.15781983889552564, 0.46688510943447076, 0.24424587315324864, 0.1213209024672427, 0.3571261108085714]","[4.9632197954410335, 4.949886692909686, 4.815000250737013, 0.7309450660103308, 3.5099425253223586, 1.8384345431398168, 0.5366313088830715, 1.0982273956713524, 2.809372712046101, 3.1084695736262558, 3.722708697630986, 1.5353712448796846, 4.632728420595698, 5.6244090198375645, 4.591648151448561, 1.3618953975101435, 0.30361844481579797, 0.5391324247817009]","[-0.12050529371489405, 0.05917271409753633, -0.044887897623737905, -0.25930029152812095, -0.1416280206790762, -0.10064908376346504, -0.06465413977502066, -0.13184270560822842, -0.3546763501139274, 0.15389068189474386, -0.20861930141458962, 0.3534151377457666, 0.09885845050277609, 0.4405278562442597, 0.12627714935739698, -0.3444490035346388, 0.34968247305099254, 0.23558009389694756]"
1,0,4,0.0,"[0.4696606592247449, 0.39284290662849897, 0.22938811915791002, 0.39238262491427256, 0.3927351635592119, 0.26782990091742115, 0.25374561467315654, 0.47150983245716144, 0.19640317028887838, 0.18100976662630652, 0.4262190259621714, 0.498272504699824, 0.32866314462913265, 0.025279630805448705, 0.16507342797223884, 0.05628303283175218, 0.17060520951835928, 0.02138676551449331]","[5.790370745567186, 5.380780558191146, 5.493374017463627, 3.1822231186639747, 5.865784861184644, 5.350279204085784, 2.447939443956745, 4.487335127009798, 5.925806426302322, 4.569333061890689, 2.231357669913008, 4.93232660475226, 0.031565392819392774, 2.71116112063197, 3.652607941965128, 3.343781666904036, 5.914839314355976, 1.2107694609247959]","[0.4575487367929769, -0.10175372894898538, -0.429332359389195, 0.003290522794414108, -0.05162138759697121, -0.09223697563733702, 0.16316217894483354, 0.04269981341098872, -0.2785080144663096, -0.011823313689892534, 0.3156528693163174, 0.3178664495833443, 0.43246908879450296, -0.28573443472700777, 0.45035947390943565, 0.06604415973795008, -0.4214876360881106, -0.06646863113144486]"
1,0,5,0.0,"[0.12721006116086564, 0.12409286619209814, 0.3752410631027016, 0.14068585192554334, 0.29728506887461054, 0.4342053863511288, 0.3789608710580487, 0.0055119449077221105, 0.08718816553046377, 0.43238056966476146, 0.2325375573740135, 0.31259313486358237, 0.060734056285949356, 0.34405178228307365, 0.3501954206450895, 0.04524955933840519, 0.25934654562295156, 0.4958983332419869]","[1.3595974558919688, 2.2681608235689983, 0.20981443754391343, 0.024699243926105594, 1.8137145954726175, 1.779715722213479, 0.6080027795019032, 2.5293717427631948, 0.33534332470325107, 1.298815903350003, 4.270530478218975, 3.5756016453505803, 2.1826632574826794, 1.0151580659764285, 4.2769727605734165, 0.7603267067859976, 6.0547458494108986, 4.561526865955796]","[0.02997873475249424, 0.31320960556582444, -0.44802627402092965, -0.4222733990191042, 0.4231137222413236, -0.14750398529024578, 0.20408399616096318, 0.12208155325528303, 0.014536092565688219, -0.2050281075193825, -0.3489151249202188, -0.053968709592705166, -0.14323437815141393, 0.011803709199443513, -0.25272202456372594, -0.4180137058324195, 0.36499677251847373, -0.16471592159935855]"
1,0,6,0.0,"[0.30534702780695755, 0.15161976577728986, 0.3352319342204261, 0.3081565406954874, 0.3319603823134699, 0.30170383843652165, 0.25998315329994803, 0.047486209816200664, 0.24069986594002918, 0.2859833674840058, 0.4376026753044254, 0.24851840418650667, 0.4195776113725012, 0.2426378077049487, 0.4563040069070119, 0.05880929068376761, 0.2792334996208551, 0.15653901247988322]","[0.7221535863004485, 0.9982197161805022, 0.5284087514462626, 4.8704015672407035, 3.458360810661835, 3.773758465701413, 0.9770826361816379, 0.5170384004097218, 0.9563592414091323, 4.0008924417886975, 6.007260298316986, 4.601129209752652, 0.6454151679444613, 0.7229655837155212, 1.4224242260714879, 1.6084493033156828, 2.2759950551129076, 3.948754528022314]","[0.1469620335089703, 0.21050584447063148, -0.30788184453947753, 0.408996182176973, -0.13001719399512668, 0.18448474731064468, 0.06115588475688083, 0.2050653417583217, 0.4004275177771447, -0.01930729252343444, 0.44180973001882407, -0.48291395131185355, -0.14291049443976545, -0.0856184849366276, -0.03636562607509419, 0.02276698222732687, -0.26875785466083857, 0.05116148397797515]"
1,0,7,0.0,"[0.19482389760393726, 0.14398556591936063, 0.06410459740196511, 0.10478632854794229, 0.17751954267961217, 0.11239008580605164, 0.2511395674546494, 0.345305930149451, 0.13512254039564747, 0.2341207363947269, 0.39523621961419875, 0.19902159021457694, 0.20424755050937377, 0.4070319162325601, 0.24669550699327691, 0.06729172690233842, 0.23473684311111498, 0.4750816222217298]","[1.0242392990314533, 2.060592580005502, 4.46457072943285, 3.896991799498687, 5.906368219269378, 5.443822652897534, 4.534949080086652, 4.817948414422963, 0.7668824289107273, 4.9989238824329725, 0.12866801385251042, 1.6299414579414, 5.575387096954212, 0.6144961067258409, 0.5259273157654528, 0.6072745240557672, 3.7177164821948727, 3.8524094337110815]","[0.04195564713049982, -0.4204373069144117, 0.07586605685321368, -0.005235407752280263, -0.4154969933507531, -0.279148987695533, -0.24128205106474, 0.40902300189228125, -0.19156807708010892, 0.24597569535257613, -0.45089850631096473, -0.019029487807361578, -0.1726489111474696, -0.40109835080889567, 0.46754848246632397, 0.06610211500462182, -0.4877855922541444, 0.46025280652864686]"
1,0,8,0.0,"[0.06556773473264732, 0.44249097283782274, 0.16405579956492228, 0.4116115761665462, 0.39272827479408734, 0.46375692271898356, 0.46397403297431183, 0.13608221608914256, 0.07504862553519409, 0.4083281757416304, 0.11465863321344505, 0.3968726532702475, 0.2009574894540988, 0.4187444032428607, 0.4376780413355639, 0.45141364203460926, 0.09458182795763626, 0.2426398246467092]","[0.764490400656985, 0.14869989355488927, 3.2153157997959907, 5.388957908076545, 3.378901170265648, 4.262864938136907, 5.339080398455892, 3.682761400143956, 4.450189690461586, 4.600471032873584, 0.2452161106143021, 1.26245601933027, 2.318291843777055, 2.660788645519302, 4.504974187152088, 2.5415295942272644, 2.9897751047397514, 5.040400402477286]","[-0.13314652810158145, -0.40802531104854356, -0.3101646057906102, -0.47955949446755997, 0.15318746678229767, -0.4724453289383701, -0.1446354895574038, -0.31068163908129887, -0.2923112250910205, 0.1942564508135517, -0.13124358871586672, -0.15716929413348102, 0.16378121042440852, -0.21468828682465435, 0.14694816613681805, 0.4160345376778388, -0.49355616767193156, 0.25266682925656037]"
1,0,9,0.0,"[0.2942870860149168, 0.015881081647369955, 0.19427851380912603, 0.16602528284173967, 0.056184985808011345, 0.2529713561668126, 0.21082720730585308, 0.007107606213764717, 0.0665203996928152, 0.1313302953792594, 0.014119761866917657, 0.12252424490847302, 0.4422887813587164, 0.23622378359529506, 0.19977359084743423, 0.219470232534066, 0.2654892870354643, 0.43391706404691227]","[2.2377518479475156, 1.261260435621613, 0.3676262522723481, 0.46692713612607994, 2.808956878111573, 1.243036670851962, 0.7296034362494694, 5.995415014091267, 2.1351398175743377, 0.7922895217654116, 3.7655982001516866, 4.346471819800995, 4.459822333534006, 0.06537037539443809, 2.1105897511835665, 1.6405548629752311, 6.052805014578107, 4.172890802537476]","[-0.3766425810457974, 0.11752281491170824, -0.09688676697763832, 0.09731802081209795, 0.19537309482905252, 0.08126519568521862, -0.31705393014900896, 0.19942508992522046, 0.05769327954671999, 0.43485489564124113, 0.2595972715967091, -0.07524264764645827, -0.288900130207853, -0.26392779575011305, -0.4371561735596492, 0.4071058093682187, 0.375093065736416, 0.1414776781335525]"
1,0,10,0.0,"[0.42855748077660133, 0.4513049856153723, 0.27734427724303995, 0.08286919405822457, 0.20594959659487627, 0.10308288605406662, 0.05993354810138379, 0.23360870120105093, 0.0013332928635477748, 0.24422585172795142, 0.32598861672121554, 0.3811755945754871, 0.4134301571118332, 0.2626735407613738, 0.13613478676888496, 0.2829568861108578, 0.3026567577219392, 0.10037746992793195]","[2.3809960746976757, 2.540958326587337, 4.17885658873822, 5.354985345339439, 3.358749734265353, 4.428784083796672, 3.585816031792715, 2.719426702456013, 4.731767767546605, 3.919288820957041, 5.074140840218776, 4.791009831265364, 3.2091788976096307, 5.107935602432, 0.41878610422277035, 1.6744515859239213, 4.315091011895328, 3.1517304224924425]","[0.42397208041437207, -0.3239140146124453, 0.18532867713550116, 0.22872564451672772, -0.27381776515123724, 0.22531995046398645, -0.34055510722717397, -0.40013096709138474, 0.01946398593928078, -0.08231176735126933, -0.3457882100832238, -0.05706706050395094, 0.34001265025871563, 0.41144342386646005, 0.46101435654306, -0.0443795948554484, 0.2173454602336129, -0.33983586338311866]"
1,0,11,0.0,"[0.2863325909667004, 0.17403232907082117, 0.22904883354650202, 0.15863673016244356, 0.20163358263614906, 0.4815831227536273, 0.17220491796403892, 0.09526416485159922, 0.35437133241742697, 0.07493430851868538, 0.35966740152397775, 0.3831067863763598, 0.4150578282670747, 0.4551130435032171, 0.2152764327440419, 0.2520880619592973, 0.15805648996235594, 0.13082659054607987]","[2.598481396028784, 2.755631037353733, 3.744772660596075, 1.1068262673280964, 5.502102770834613, 5.390955452907112, 5.610365159340772, 2.0690013674537524, 5.231331809166758, 5.695890910303968, 3.48241705700043, 2.9036581253533167, 2.092015792425393, 2.75515643311046, 2.379163938526465, 4.295700772021918, 2.867628254286749, 5.519247833300718]","[0.41994989650032366, 0.2665742179970799, -0.009755665639115452, -0.44495284942048485, -0.17952622748512748, 0.3107811252908468, -0.41759463982197853, 0.018980903623047163, -0.4724478192338728, 0.33911894247589036, 0.259886915433471, 0.14527345869874897, -0.4907900816897014, 0.10615638458466747, -0.14089310612814132, 0.018850020917372534, -0.2185804246306451, 0.36377923840808024]"
1,0,12,0.0,"[0.22239739118671992, 0.00030533531041482265, 0.2368986198423127, 0.3896426695670223, 0.4323994308536719, 0.1308409561965509, 0.18469009540388803, 0.17408932861146437, 0.1798068802858807, 0.3504221553098958, 0.4395784187458104, 0.07005746046997607, 0.4891094939160391, 0.3726849479602503, 0.24280066648505472, 0.04344976385510624, 0.435362411843964, 0.33265840139529534]","[3.1431026610559814, 0.11605241677489801, 2.74700441510354, 4.842458554123407, 3.2735627910799394, 5.376685264839057, 2.8886603685223786, 2.150790062687147, 3.138942439066888, 1.4439500683981772, 2.1607972619287272, 5.685120841020233, 2.8420272058058154, 5.274612848567295, 3.861917885756758, 1.3331751973222685, 2.415122090542404, 5.5779846678148655]","[0.09716074048722156, 0.43137040973818785, -0.34019714664585887, 0.21338994953234514, -0.3130075620342565, -0.08276911837061496, -0.16315059843518032, 0.06080919925623263, -0.03871784172720649, 0.05996247704235691, -0.27562019830807705, -0.09993124180055624, 0.3509113430777724, 0.30477262775155467, 0.13571550676255673, -0.41836184973084634, -0.3808202815770739, 0.07654908114629189]"
1,0,13,0.0,"[0.45221169144249673, 0.15175783612794108, 0.4077209017602295, 0.07443838199712871, 0.07382927503863185, 0.33260637895163403, 0.4503166639377951, 0.28896529605689664, 0.1883761422679766, 0.01751683770264828, 0.2744294891035984, 0.36433872742960594, 0.15360312677498467, 0.4753783498421544, 0.36307421874484375, 0.31339242918544263, 0.3357921094641157, 0.09856300384253336]","[3.058444071629484, 4.584330831128732, 1.3762045917589913, 0.3084288390707169, 5.009687224026385, 1.978579938987654, 0.9727458993746247, 5.796702073671708, 3.901404084319674, 6.048120518088414, 0.3914807360176924, 4.0980224591891865, 2.6707295880453636, 6.113980273850227, 1.5613641866807784, 1.8529840252318874, 4.706108869667039, 1.685997092974423]","[-0.3712682365134854, 0.21274770238926632, -0.12129243217536934, 0.32671400945550755, 0.19958921677939978, 0.21397796308224815, 0.041169153099836264, -0.41631092313461315, -0.09725393366615687, -0.4821157904170491, 0.4591160494983101, 0.29814689881530865, 0.2901096166646493, 0.4844501212840383, 0.42853874607848075, 0.1011758438787499, 0.4198178408033605, -0.3635733852951075]"
